Requests,Threads,ElapsedTime,TotalSeconds,AverageSecondsPerRequest,PagesPerHour,TotalPages,AverageSecondsPerPage
38,4,00:28:07,1687.0729999999996,44.39665789473683,360,169,9.98268047337278
100,4,01:34:52,5692.665000000001,56.92665000000001,350,554,10.275568592057763
67,4,01:02:19,3739.0599999999986,55.806865671641766,333,346,10.80653179190751
